ITEM_ID,item,pairs,p21,p25,change,naive_change
210102,LGE LOAF-WHTE-UNSLED-750-800G,30,1.1,1.5,35.08,36.36
210106,SIX BREAD ROLLS-WHITE/BROWN,76,0.7,0.95,36.75,46.0
210111,WHITE SLICED LOAF BRANDED 750G,79,0.99,1.4,36.78,32.38
210113,WHOLEMEAL SLICED LOAF BRANDED,77,1.1,1.39,27.99,26.36
210114,CHILLED GARLIC BREAD,138,0.83,1.0,36.56,17.65
210201,FLOUR-SELF-RAISING-1.5KG,83,0.7,0.79,28.75,13.57
210204,DRY SPAGHETTI OR PASTA 500G,175,0.58,0.85,34.27,29.31
210211,CORN SNACK SINGLE PACK MAX 50G,51,0.85,1.1,25.15,17.65
210212,BASMATI RICE 500G-1KG,74,1.6,1.85,16.42,15.62
210213,BREAKFAST CEREAL 1,179,2.65,3.29,7.75,20.0
210214,BREAKFAST CEREAL 2,170,2.0,2.5,13.12,12.5
210215,CEREAL BAR,178,0.33,0.31,11.34,-6.06
210216,HOT OAT CEREAL,172,2.0,2.75,30.98,25.0
210217,RICE MICRO POUCH/TRAY 220-280G,178,0.99,1.0,4.17,1.01
210219,BREAKFAST CEREAL GLUTEN FREE,162,2.2,2.5,29.73,13.64
210301,CREAM CRACKERS PACK 200G-300G,77,1.19,1.6,48.48,9.24
210302,PLAIN BISCUITS-200-300G,80,1.0,1.65,42.85,25.0
210320,WHOLE SPONGE CAKE NOT FROZEN,78,1.23,3.5,90.99,218.18
210321,PACK OF 5-6 INDIVIDUAL CAKES,85,1.6,2.25,43.7,60.71
210323,BISCUITS HALF CHOC 260-400G,155,1.35,2.25,61.42,66.67
210324,CRUMPETS PACK 6-9 SPEC NUMBER,160,0.9,0.79,19.63,-12.22
210403,HOME KILLED BEEF-LEAN MINCE KG,124,5.78,8.38,38.15,49.75
210406,HOME KLD BEEF-RUMP/POPES STEAK,115,17.53,18.26,19.5,7.81
210414,FROZEN BEEFBURGERS PACK OF 4,55,2.5,3.75,51.46,59.45
210416,BEEF ROASTING JOINT PER KG,59,11.99,13.99,26.11,16.58
210506,HK LAMB LOIN CHOP/STEAK PER KG,184,13.34,19.67,46.31,43.7
210802,BACON-GAMMON-PER KG,88,8.33,9.8,21.06,14.75
210808,BACON-BACK-PER KG,124,7.0,8.16,24.79,19.0
210905,FRESH/CHILLED CHICKEN  PER KG,103,2.86,3.29,32.73,25.26
210910,FRESH BONELESS CHICKEN BREAST,116,6.49,7.92,20.69,22.08
210914,FRESH TURKEY DICED/MIN PER KG,36,6.5,9.0,34.63,36.36
211007,CANNED MEAT-STEWED STEAK,50,2.45,2.75,18.77,21.65
211011,INDIVIDUAL MEAT PIE,107,1.42,2.0,48.88,38.89
211014,SAUSAGES-PORK-PER KG,127,4.98,6.71,34.08,16.9
211019,FROZ CHICKEN NUGGETS 220-600G,75,1.65,2.65,48.74,76.67
211023,COOKED HAM PREPACKED SLICED,150,2.0,2.5,14.85,25.0
211024,CONTINENTAL SLICED DELI MEAT,157,2.0,2.94,19.57,47.0
211025,JOINT OV/READ GAM/POR 450-900G,138,5.0,5.28,12.34,17.5
211026,CHICKEN KIEV 2 PACK 240-325G,158,2.0,2.95,51.06,47.5
211027,H K LIVER PER KG STATE TYPE,90,2.5,3.58,52.24,120.0
211029,COOKED MEAT TURKEY/CHICK SLICE,199,2.0,2.4,13.4,13.64
211030,MEAT BASED SNACK PACK MAX 400G,167,1.75,2.2,21.92,22.86
211101,FRESH WHITE FISH FILLETS KG,69,16.35,21.0,33.42,27.27
211105,FRESH FISH-SALMON FILLETS-KG,71,14.7,20.46,24.22,49.11
211106,FROZEN PRAWNS PER KG,124,13.34,15.38,16.36,13.25
211207,"CANNED FISH, TUNA, 130G-200G",79,1.0,1.1,3.39,2.27
211210,FROZEN FISH FINGERS 8-12 PK,175,2.25,3.0,28.03,33.33
211211,FROZEN BREAD/BAT FISH 400-550G,170,3.6,5.25,47.04,50.0
211305,SPREADABLE BUTTER,171,3.25,4.25,26.67,30.77
211306,BUTTER 200-250G SPEC COO,175,1.7,2.6,44.63,44.12
211408,OLIVE OIL - 500ML - 1 LITRE,165,3.4,7.8,112.15,127.94
211409,"PEANUT BUTTER, JAR, 225-350G",184,2.29,2.0,2.41,-2.5
211501,CHEDDAR-HOME PRODUCED PER KG,74,6.82,8.38,43.54,19.21
211506,"CHEESE SPREAD, 110G-200G TUB",70,1.19,1.95,38.08,38.66
211509,HARD REGIONAL CHEESE PER KG,80,7.05,11.21,47.23,59.01
211510,PARMESAN CHEESE-PER KG,73,20.0,23.5,19.51,20.0
211511,SOFT CONTINENTAL CHEESE - KG,163,9.5,12.8,49.01,32.9
211709,SHOP MILK-WHOLE MILK-4PT/2LTR,175,1.1,1.45,38.73,31.82
211710,MILK SEMI-PER 2 PINTS/1.136 L,78,0.8,1.2,48.58,50.0
211713,"MILK FLAVOURED, 180-500MLS/GMS",161,1.15,1.5,29.9,50.0
211714,NON-DAIRY MILK DRINK 900ML-1LT,176,1.4,1.8,33.11,28.57
211807,"YOGHURT/FROMAGE 4-6PK, 45-125G",77,1.0,1.75,46.66,75.0
211808,CHILLED POT DESSERT 125-200G,89,0.68,0.9,56.04,39.71
211814,YOGHURT-SMALL INDIVIDUAL,77,0.6,0.9,40.99,41.67
211815,FRESH DOUBLE CREAM 250ML-300ML,77,1.1,1.5,33.1,36.36
211816,POWDERED BABY FORMULA 400-900G,151,10.75,13.5,16.74,25.58
211901,TEA BAGS PKT OF 80 (230G-250G),83,2.0,3.0,45.88,50.0
211904,TEA BAGS PACKET OF 210-240,151,3.5,5.0,47.58,56.86
211905,"FLAVRD TEA 15-20 BAGS, 30-40G",158,1.75,2.5,40.19,38.89
212001,"FRUIT SQUASH, 750ML - 1.5LT",174,1.5,2.0,15.52,32.67
212006,FRUIT JUICE NOT ORANGE 1L,81,0.9,1.5,72.78,66.67
212008,LEMONADE-2 LITRE BOTTLE,76,0.6,0.75,45.82,19.23
212010,MINERAL WATER STILL 1.5-2L,167,0.7,1.0,49.32,42.86
212015,FIZZY ENERGY DRINK 250-500ML,79,1.45,1.75,31.7,27.27
212016,FRESH/CHILL ORANGE JUICE 900ML,86,2.48,3.0,32.31,0.81
212017,FIZZY BOTTLED DRINK 500ML,63,1.5,1.9,28.18,26.0
212020,FRUIT DRINK BOTTLE 4-8 PACK,170,1.75,2.2,67.72,20.0
212021,BOTTLE STILL WATER 500ML,172,0.38,0.31,9.45,18.42
212022,MIXER DRINK BOTTLE 1L EG TONIC,174,1.4,1.75,39.64,-6.15
212023,COLA/FIZZY DRINK 330ML PK 4-8,159,3.0,3.75,44.3,33.0
212024,FLAVOURED WATER BOTT 900ML-1.5,160,0.55,0.85,56.49,54.55
212025,"COLA DRINK, REG,BOTTLE,1.25-2L",171,2.0,2.1,3.86,5.0
212026,"COLA DRINK, DIET 1.25-2LTR",160,1.9,1.85,3.84,16.35
212101,SUGAR -GRANULATED-WHITE-PER KG,172,0.74,1.09,39.11,47.3
212106,JAR OF JAM-340-454G,73,0.85,1.15,42.84,41.18
212107,HONEY JAR/BOTTLE 340G-454G,174,2.85,2.74,1.08,-23.36
212202,MINTS,41,0.65,0.8,21.86,23.08
212211,CHOCOLATE 4,36,0.7,0.85,24.08,23.19
212214,FRUIT PASTILLES 2,39,0.65,0.8,14.81,23.08
212217,CHEWING/BUBBLE GUM-SINGLE PK,39,0.57,0.9,56.31,49.12
212218,CARTON/BOX OF CHOCS 150-400GM,29,5.0,6.35,56.79,25.26
212223,BRAND CHOC SWEETS 90-185G BAG,110,1.25,1.75,44.92,40.0
212224,"SWEETS, NOT CHOC, 150-250G BAG",123,1.0,1.35,33.47,35.0
212225,CHOCOLATE LARGE BAR 100-200G,124,1.8,2.5,60.24,36.36
212226,CHOCOLATE 12,109,0.5,0.38,19.4,25.0
212309,POTATOES-NEW-PER KG,199,1.33,1.47,11.9,10.53
212310,POTATOES- OLD WHITE PER KG,204,0.58,0.95,54.6,57.89
212311,POTATOES- BAKING PR KG,169,0.8,0.85,30.07,6.25
212402,POTATO CRISPS 25G-50G,110,0.85,1.1,32.02,29.41
212404,POTATO CRISPS-MULTI-PACK,245,1.5,2.0,47.23,75.6
212405,FROZEN CHIPS 900G-1.5KG,234,1.77,2.65,48.24,48.04
212408,PREMIUM POTATO CRISPS/CHIPS,131,1.99,2.4,34.9,20.6
212409,P'PARED MASHED POTATO 400-650G,210,1.0,0.9,1.29,-10.0
212504,FRESH VEG-CAULIFLOWER-EACH,198,0.95,1.19,30.69,25.26
212510,FRESH VEG-CUCUMBER-WHOLE,212,0.5,0.89,71.7,78.0
212511,FRESH VEG-LETTUCE-ICEBERG-EACH,191,0.47,0.89,65.66,89.36
212515,FRESH VEG-TOMATOES-PER KG,199,2.09,3.18,36.69,36.7
212516,FRESH VEG-CABBAGE-WHOLE-PER KG,196,0.75,0.8,25.28,6.67
212518,FRESH VEG-CARROTS-PER KG,192,0.44,0.69,52.01,45.26
212519,FRESH VEG-ONIONS-PER KG,181,0.85,0.99,24.63,16.47
212520,FRESH VEG-MUSHROOMS-PER KG,208,3.17,3.33,14.91,5.05
212530,FRESH VEG-BROCCOLI-PER KG,184,1.6,2.2,41.13,25.71
212531,FRESH VEG-COURGETTE-PER KG,156,2.5,3.01,23.53,11.2
212532,FRESH VEG-PEPPERS -LOOSE OR KG,190,0.49,0.59,16.14,30.43
212533,VEGETABLE STIR FRY FRESH PACK,225,1.0,1.5,23.46,50.0
212535,SWEET POTATO PER KG OR EACH,283,1.1,1.19,5.43,8.18
212601,CANNED TOMATOES 390-400G,246,0.45,0.6,39.15,33.33
212603,"BAKED BEANS, 400-425G TIN",248,0.85,1.4,53.72,64.71
212608,CANNED SWEETCORN 198-340G,151,0.75,1.0,40.85,33.33
212609,FROZEN GARDEN PEAS 800G-1KG,140,1.5,2.49,60.84,60.0
212709,ORANGES-CLASS 1-EACH,184,0.31,0.45,21.77,51.61
212710,AVOCADO PEAR-EACH,206,0.85,0.93,16.02,18.75
212712,KIWI FRUIT-EACH,155,0.3,0.35,44.97,30.0
212715,GRAPEFRUIT-EACH,160,0.5,0.55,6.48,10.0
212717,APPLES-DESSERT-PER KG,123,2.2,2.2,26.23,0.0
212718,PEARS-DESSERT-PER KG,107,2.2,2.5,21.15,9.09
212719,BANANAS-PER KG,105,0.73,0.9,22.19,23.29
212720,STRAWBERRIES PER KG OR PUNNET,153,8.77,10.13,33.25,18.01
212722,GRAPES-PER KG,193,4.0,4.8,20.74,15.0
212725,SMALL TYPE ORANGES PER PACK/KG,160,2.25,2.31,17.21,0.0
212726,PLUMS PER KG/PACK,146,2.5,3.5,45.31,37.6
212730,FRUIT FRESH SNACKING 150-350G,217,2.0,2.4,40.26,20.0
212732,LEMON EACH,294,0.3,0.3,9.39,0.0
212733,BLUEBERRIES PUNNET OR PER KG,266,11.67,13.33,9.36,14.22
212734,RASPBERRIES PUNNET OR PER KG,218,13.34,13.33,1.89,-0.07
212806,PACKET OF PEANUTS 150-300G,134,1.3,1.45,22.14,7.69
212807,CANNED FRUIT-400-450G,143,1.0,1.2,27.66,20.0
212808,DRIED FRUIT - EG APRICOTS,234,2.0,2.0,15.37,0.0
212905,VEGETABLE PICKLE 280-520G,152,1.5,2.1,37.02,40.0
212910,CANNED SOUP-390-425G,82,0.95,1.7,65.29,26.32
212917,TOMATO KETCHUP BOTTLE 340-570G,169,1.75,3.0,70.27,42.86
212918,FRZN READY-COOKD MEAL SERVES 1,72,1.62,2.0,30.51,24.37
212923,COOK-IN SAUCE-JAR/CAN 350-520G,85,1.4,2.5,64.43,78.57
212928,FROZ VEG BURGER/GRILL 180-454G,147,1.75,2.15,19.93,30.86
212930,MAYONNAISE 390-500G/420-540MLS,175,1.5,2.15,37.38,33.33
212933,ICE CREAM 450ML-1L,87,2.0,3.75,49.31,87.5
212934,DRIED POTTED SNACK 50-120G,82,0.75,1.1,46.32,46.67
212936,CHILLED READY MEAL-MEAT-SERVS1,78,2.55,3.5,38.9,24.53
212937,CHILLED READY MEAL-FISH/VEG,78,2.5,3.55,49.17,40.0
212938,CHOCOLATE COVERED ICE CREAM,182,0.5,1.08,86.47,96.0
212939,CHILLED PIZZA EACH 300-600G,154,3.29,4.75,55.47,14.29
212940,PROTEIN POWDER 900G-2KG,170,23.99,28.5,32.02,18.69
212941,QUICHE 340G-450G,174,2.3,2.8,25.14,21.74
212942,VEGETABLE CRISPS PACK 80-125G,165,1.8,2.75,48.07,32.53
213003,COFFEE-INSTANT 90 -100G JAR,165,2.75,3.94,37.21,43.8
213005,HOT CHOCOLATE DRINK INSTANT,141,2.5,3.7,55.13,40.0
213006,COFFEE PODS PACK 8-16,159,4.0,4.5,15.16,12.5
